ticker,name,sector,source
A,AGILENT TECHNOLOGIES INC,Health Care,SP500
AAPL,APPLE INC,Information Technology,SP500+NDX
ABBV,ABBVIE INC,Health Care,SP500
ABNB,AIRBNB INC CLASS A,Consumer Discretionary,SP500+NDX
ABT,ABBOTT LABORATORIES,Health Care,SP500
ACGL,ARCH CAPITAL GROUP LTD,Financials,SP500
ACN,ACCENTURE PLC CLASS A,Information Technology,SP500
ADBE,ADOBE INC,Information Technology,SP500+NDX
ADI,ANALOG DEVICES INC,Information Technology,SP500+NDX
ADM,ARCHER DANIELS MIDLAND,Consumer Staples,SP500
ADP,AUTOMATIC DATA PROCESSING INC,Industrials,SP500+NDX
ADSK,AUTODESK INC,Information Technology,SP500+NDX
AEE,AMEREN CORP,Utilities,SP500
AEP,AMERICAN ELECTRIC POWER INC,Utilities,SP500+NDX
AES,AES CORP,Utilities,SP500
AFL,AFLAC INC,Financials,SP500
AIG,AMERICAN INTERNATIONAL GROUP INC,Financials,SP500
AIZ,ASSURANT INC,Financials,SP500
AJG,ARTHUR J GALLAGHER,Financials,SP500
AKAM,AKAMAI TECHNOLOGIES INC,Information Technology,SP500
ALB,ALBEMARLE CORP,Materials,SP500
ALGN,ALIGN TECHNOLOGY INC,Health Care,SP500
ALL,ALLSTATE CORP,Financials,SP500
ALLE,ALLEGION PLC,Industrials,SP500
ALNY,,,NDX
AMAT,APPLIED MATERIAL INC,Information Technology,SP500+NDX
AMCR,AMCOR PLC,Materials,SP500
AMD,ADVANCED MICRO DEVICES INC,Information Technology,SP500+NDX
AME,AMETEK INC,Industrials,SP500
AMGN,AMGEN INC,Health Care,SP500+NDX
AMP,AMERIPRISE FINANCE INC,Financials,SP500
AMT,AMERICAN TOWER REIT CORP,Real Estate,SP500
AMZN,AMAZON COM INC,Consumer Discretionary,SP500+NDX
ANET,ARISTA NETWORKS INC,Information Technology,SP500
AON,AON PLC CLASS A,Financials,SP500
AOS,A O SMITH CORP,Industrials,SP500
APA,APA CORP,Energy,SP500
APD,AIR PRODUCTS AND CHEMICALS INC,Materials,SP500
APH,AMPHENOL CORP CLASS A,Information Technology,SP500
APO,APOLLO GLOBAL MANAGEMENT INC,Financials,SP500
APP,APPLOVIN CORP CLASS A,Information Technology,SP500+NDX
APTV,APTIV PLC,Consumer Discretionary,SP500
ARE,ALEXANDRIA REAL ESTATE EQUITIES RE,Real Estate,SP500
ARES,ARES MANAGEMENT CORP CLASS A,Financials,SP500
ARM,,,NDX
ASML,,,NDX
ATO,ATMOS ENERGY CORP,Utilities,SP500
AVB,AVALONBAY COMMUNITIES REIT INC,Real Estate,SP500
AVGO,BROADCOM INC,Information Technology,SP500+NDX
AVY,AVERY DENNISON CORP,Materials,SP500
AWK,AMERICAN WATER WORKS INC,Utilities,SP500
AXON,AXON ENTERPRISE INC,Industrials,SP500+NDX
AXP,AMERICAN EXPRESS,Financials,SP500
AZO,AUTOZONE INC,Consumer Discretionary,SP500
BA,BOEING,Industrials,SP500
BAC,BANK OF AMERICA CORP,Financials,SP500
BALL,BALL CORP,Materials,SP500
BAX,BAXTER INTERNATIONAL INC,Health Care,SP500
BBY,BEST BUY INC,Consumer Discretionary,SP500
BDX,BECTON DICKINSON,Health Care,SP500
BEN,FRANKLIN RESOURCES INC,Financials,SP500
BFB,BROWN FORMAN CORP CLASS B,Consumer Staples,SP500
BG,BUNGE GLOBAL SA,Consumer Staples,SP500
BIIB,BIOGEN INC,Health Care,SP500
BK,BANK OF NEW YORK MELLON CORP,Financials,SP500
BKNG,BOOKING HOLDINGS INC,Consumer Discretionary,SP500+NDX
BKR,BAKER HUGHES CLASS A,Energy,SP500+NDX
BLDR,BUILDERS FIRSTSOURCE INC,Industrials,SP500
BLK,BLACKROCK INC,Financials,SP500
BMY,BRISTOL MYERS SQUIBB,Health Care,SP500
BR,BROADRIDGE FINANCIAL SOLUTIONS INC,Industrials,SP500
BRKB,BERKSHIRE HATHAWAY INC CLASS B,Financials,SP500
BRO,BROWN & BROWN INC,Financials,SP500
BSX,BOSTON SCIENTIFIC CORP,Health Care,SP500
BX,BLACKSTONE INC,Financials,SP500
BXP,BXP INC,Real Estate,SP500
C,CITIGROUP INC,Financials,SP500
CAG,CONAGRA BRANDS INC,Consumer Staples,SP500
CAH,CARDINAL HEALTH INC,Health Care,SP500
CARR,CARRIER GLOBAL CORP,Industrials,SP500
CASY,CASEYS GENERAL STORES INC,Consumer Staples,SP500
CAT,CATERPILLAR INC,Industrials,SP500
CB,CHUBB,Financials,SP500
CBOE,CBOE GLOBAL MARKETS INC,Financials,SP500
CBRE,CBRE GROUP INC CLASS A,Real Estate,SP500
CCEP,,,NDX
CCI,CROWN CASTLE INC,Real Estate,SP500
CCL,CARNIVAL CORP,Consumer Discretionary,SP500
CDNS,CADENCE DESIGN SYSTEMS INC,Information Technology,SP500+NDX
CDW,CDW CORP,Information Technology,SP500
CEG,CONSTELLATION ENERGY CORP,Utilities,SP500+NDX
CF,CF INDUSTRIES HOLDINGS INC,Materials,SP500
CFG,CITIZENS FINANCIAL GROUP INC,Financials,SP500
CHD,CHURCH AND DWIGHT INC,Consumer Staples,SP500
CHRW,CH ROBINSON WORLDWIDE INC,Industrials,SP500
CHTR,CHARTER COMMUNICATIONS INC CLASS A,Communication,SP500+NDX
CI,CIGNA,Health Care,SP500
CIEN,CIENA CORP,Information Technology,SP500
CINF,CINCINNATI FINANCIAL CORP,Financials,SP500
CL,COLGATE-PALMOLIVE,Consumer Staples,SP500
CLX,CLOROX,Consumer Staples,SP500
CMCSA,COMCAST CORP CLASS A,Communication,SP500+NDX
CME,CME GROUP INC CLASS A,Financials,SP500
CMG,CHIPOTLE MEXICAN GRILL INC,Consumer Discretionary,SP500
CMI,CUMMINS INC,Industrials,SP500
CMS,CMS ENERGY CORP,Utilities,SP500
CNC,CENTENE CORP,Health Care,SP500
CNP,CENTERPOINT ENERGY INC,Utilities,SP500
COF,CAPITAL ONE FINANCIAL CORP,Financials,SP500
COHR,COHERENT CORP,Information Technology,SP500
COIN,COINBASE GLOBAL INC CLASS A,Financials,SP500
COO,COOPER INC,Health Care,SP500
COP,CONOCOPHILLIPS,Energy,SP500
COR,CENCORA INC,Health Care,SP500
COST,COSTCO WHOLESALE CORP,Consumer Staples,SP500+NDX
CPAY,CORPAY INC,Financials,SP500
CPB,CAMPBELL SOUP,Consumer Staples,SP500
CPRT,COPART INC,Industrials,SP500+NDX
CPT,CAMDEN PROPERTY TRUST REIT,Real Estate,SP500
CRH,CRH PUBLIC LIMITED PLC,Materials,SP500
CRL,CHARLES RIVER LABORATORIES INTERNA,Health Care,SP500
CRM,SALESFORCE INC,Information Technology,SP500
CRWD,CROWDSTRIKE HOLDINGS INC CLASS A,Information Technology,SP500+NDX
CSCO,CISCO SYSTEMS INC,Information Technology,SP500+NDX
CSGP,COSTAR GROUP INC,Real Estate,SP500+NDX
CSX,CSX CORP,Industrials,SP500+NDX
CTAS,CINTAS CORP,Industrials,SP500+NDX
CTRA,COTERRA ENERGY INC,Energy,SP500
CTSH,COGNIZANT TECHNOLOGY SOLUTIONS COR,Information Technology,SP500+NDX
CTVA,CORTEVA INC,Materials,SP500
CVNA,CARVANA CLASS A,Consumer Discretionary,SP500
CVS,CVS HEALTH CORP,Health Care,SP500
CVX,CHEVRON CORP,Energy,SP500
D,DOMINION ENERGY INC,Utilities,SP500
DAL,DELTA AIR LINES INC,Industrials,SP500
DASH,DOORDASH INC CLASS A,Consumer Discretionary,SP500+NDX
DD,DUPONT DE NEMOURS INC,Materials,SP500
DDOG,DATADOG INC CLASS A,Information Technology,SP500+NDX
DE,DEERE,Industrials,SP500
DECK,DECKERS OUTDOOR CORP,Consumer Discretionary,SP500
DELL,DELL TECHNOLOGIES INC CLASS C,Information Technology,SP500
DG,DOLLAR GENERAL CORP,Consumer Staples,SP500
DGX,QUEST DIAGNOSTICS INC,Health Care,SP500
DHI,D R HORTON INC,Consumer Discretionary,SP500
DHR,DANAHER CORP,Health Care,SP500
DIS,WALT DISNEY,Communication,SP500
DLR,DIGITAL REALTY TRUST REIT INC,Real Estate,SP500
DLTR,DOLLAR TREE INC,Consumer Staples,SP500
DOC,HEALTHPEAK PROPERTIES INC,Real Estate,SP500
DOV,DOVER CORP,Industrials,SP500
DOW,DOW INC,Materials,SP500
DPZ,DOMINOS PIZZA INC,Consumer Discretionary,SP500
DRI,DARDEN RESTAURANTS INC,Consumer Discretionary,SP500
DTE,DTE ENERGY,Utilities,SP500
DUK,DUKE ENERGY CORP,Utilities,SP500
DVA,DAVITA INC,Health Care,SP500
DVN,DEVON ENERGY CORP,Energy,SP500
DXCM,DEXCOM INC,Health Care,SP500+NDX
EA,ELECTRONIC ARTS INC,Communication,SP500+NDX
EBAY,EBAY INC,Consumer Discretionary,SP500
ECL,ECOLAB INC,Materials,SP500
ED,CONSOLIDATED EDISON INC,Utilities,SP500
EFX,EQUIFAX INC,Industrials,SP500
EG,EVEREST GROUP LTD,Financials,SP500
EIX,EDISON INTERNATIONAL,Utilities,SP500
EL,ESTEE LAUDER INC CLASS A,Consumer Staples,SP500
ELV,ELEVANCE HEALTH INC,Health Care,SP500
EME,EMCOR GROUP INC,Industrials,SP500
EMR,EMERSON ELECTRIC,Industrials,SP500
EOG,EOG RESOURCES INC,Energy,SP500
EPAM,EPAM SYSTEMS INC,Information Technology,SP500
EQIX,EQUINIX REIT INC,Real Estate,SP500
EQR,EQUITY RESIDENTIAL REIT,Real Estate,SP500
EQT,EQT CORP,Energy,SP500
ERIE,ERIE INDEMNITY CLASS A,Financials,SP500
ES,EVERSOURCE ENERGY,Utilities,SP500
ESS,ESSEX PROPERTY TRUST REIT INC,Real Estate,SP500
ETN,EATON PLC,Industrials,SP500
ETR,ENTERGY CORP,Utilities,SP500
EVRG,EVERGY INC,Utilities,SP500
EW,EDWARDS LIFESCIENCES CORP,Health Care,SP500
EXC,EXELON CORP,Utilities,SP500+NDX
EXE,EXPAND ENERGY CORP,Energy,SP500
EXPD,EXPEDITORS INTERNATIONAL OF WASHIN,Industrials,SP500
EXPE,EXPEDIA GROUP INC,Consumer Discretionary,SP500
EXR,EXTRA SPACE STORAGE REIT INC,Real Estate,SP500
F,FORD MOTOR CO,Consumer Discretionary,SP500
FANG,DIAMONDBACK ENERGY INC,Energy,SP500+NDX
FAST,FASTENAL,Industrials,SP500+NDX
FCX,FREEPORT MCMORAN INC,Materials,SP500
FDS,FACTSET RESEARCH SYSTEMS INC,Financials,SP500
FDX,FEDEX CORP,Industrials,SP500
FE,FIRSTENERGY CORP,Utilities,SP500
FER,,,NDX
FFIV,F5 INC,Information Technology,SP500
FICO,FAIR ISAAC CORP,Information Technology,SP500
FIS,FIDELITY NATIONAL INFORMATION SERV,Financials,SP500
FISV,FISERV INC,Financials,SP500
FITB,FIFTH THIRD BANCORP,Financials,SP500
FIX,COMFORT SYSTEMS USA INC,Industrials,SP500
FOX,FOX CORP CLASS B,Communication,SP500
FOXA,FOX CORP CLASS A,Communication,SP500
FRT,FEDERAL REALTY INVESTMENT TRUST RE,Real Estate,SP500
FSLR,FIRST SOLAR INC,Information Technology,SP500
FTNT,FORTINET INC,Information Technology,SP500+NDX
FTV,FORTIVE CORP,Industrials,SP500
GD,GENERAL DYNAMICS CORP,Industrials,SP500
GDDY,GODADDY INC CLASS A,Information Technology,SP500
GE,GE AEROSPACE,Industrials,SP500
GEHC,GE HEALTHCARE TECHNOLOGIES INC,Health Care,SP500+NDX
GEN,GEN DIGITAL INC,Information Technology,SP500
GEV,GE VERNOVA INC,Industrials,SP500
GILD,GILEAD SCIENCES INC,Health Care,SP500+NDX
GIS,GENERAL MILLS INC,Consumer Staples,SP500
GL,GLOBE LIFE INC,Financials,SP500
GLW,CORNING INC,Information Technology,SP500
GM,GENERAL MOTORS,Consumer Discretionary,SP500
GNRC,GENERAC HOLDINGS INC,Industrials,SP500
GOOG,ALPHABET INC CLASS C,Communication,SP500+NDX
GOOGL,ALPHABET INC CLASS A,Communication,SP500+NDX
GPC,GENUINE PARTS,Consumer Discretionary,SP500
GPN,GLOBAL PAYMENTS INC,Financials,SP500
GRMN,GARMIN LTD,Consumer Discretionary,SP500
GS,GOLDMAN SACHS GROUP INC,Financials,SP500
GWW,WW GRAINGER INC,Industrials,SP500
HAL,HALLIBURTON,Energy,SP500
HAS,HASBRO INC,Consumer Discretionary,SP500
HBAN,HUNTINGTON BANCSHARES INC,Financials,SP500
HCA,HCA HEALTHCARE INC,Health Care,SP500
HD,HOME DEPOT INC,Consumer Discretionary,SP500
HIG,HARTFORD INSURANCE GROUP INC,Financials,SP500
HII,HUNTINGTON INGALLS INDUSTRIES INC,Industrials,SP500
HLT,HILTON WORLDWIDE HOLDINGS INC,Consumer Discretionary,SP500
HON,HONEYWELL INTERNATIONAL INC,Industrials,SP500+NDX
HOOD,ROBINHOOD MARKETS INC CLASS A,Financials,SP500
HPE,HEWLETT PACKARD ENTERPRISE,Information Technology,SP500
HPQ,HP INC,Information Technology,SP500
HRL,HORMEL FOODS CORP,Consumer Staples,SP500
HSIC,HENRY SCHEIN INC,Health Care,SP500
HST,HOST HOTELS & RESORTS REIT INC,Real Estate,SP500
HSY,HERSHEY FOODS,Consumer Staples,SP500
HUBB,HUBBELL INC,Industrials,SP500
HUM,HUMANA INC,Health Care,SP500
HWM,HOWMET AEROSPACE INC,Industrials,SP500
IBKR,INTERACTIVE BROKERS GROUP INC CLAS,Financials,SP500
IBM,INTERNATIONAL BUSINESS MACHINES CO,Information Technology,SP500
ICE,INTERCONTINENTAL EXCHANGE INC,Financials,SP500
IDXX,IDEXX LABORATORIES INC,Health Care,SP500+NDX
IEX,IDEX CORP,Industrials,SP500
IFF,INTERNATIONAL FLAVORS & FRAGRANCES,Materials,SP500
INCY,INCYTE CORP,Health Care,SP500
INTC,INTEL CORPORATION CORP,Information Technology,SP500+NDX
INTU,INTUIT INC,Information Technology,SP500+NDX
INVH,INVITATION HOMES INC,Real Estate,SP500
IP,INTERNATIONAL PAPER,Materials,SP500
IQV,IQVIA HOLDINGS INC,Health Care,SP500
IR,INGERSOLL RAND INC,Industrials,SP500
IRM,IRON MOUNTAIN INC,Real Estate,SP500
ISRG,INTUITIVE SURGICAL INC,Health Care,SP500+NDX
IT,GARTNER INC,Information Technology,SP500
ITW,ILLINOIS TOOL INC,Industrials,SP500
IVZ,INVESCO LTD,Financials,SP500
J,JACOBS SOLUTIONS INC,Industrials,SP500
JBHT,JB HUNT TRANSPORT SERVICES INC,Industrials,SP500
JBL,JABIL INC,Information Technology,SP500
JCI,JOHNSON CONTROLS INTERNATIONAL PLC,Industrials,SP500
JKHY,JACK HENRY AND ASSOCIATES INC,Financials,SP500
JNJ,JOHNSON & JOHNSON,Health Care,SP500
JPM,JPMORGAN CHASE & CO,Financials,SP500
KDP,KEURIG DR PEPPER INC,Consumer Staples,SP500+NDX
KEY,KEYCORP,Financials,SP500
KEYS,KEYSIGHT TECHNOLOGIES INC,Information Technology,SP500
KHC,KRAFT HEINZ,Consumer Staples,SP500+NDX
KIM,KIMCO REALTY REIT CORP,Real Estate,SP500
KKR,KKR AND CO INC,Financials,SP500
KLAC,KLA CORP,Information Technology,SP500+NDX
KMB,KIMBERLY CLARK CORP,Consumer Staples,SP500
KMI,KINDER MORGAN INC,Energy,SP500
KO,COCA-COLA,Consumer Staples,SP500
KR,KROGER,Consumer Staples,SP500
KVUE,KENVUE INC,Consumer Staples,SP500
L,LOEWS CORP,Financials,SP500
LDOS,LEIDOS HOLDINGS INC,Industrials,SP500
LEN,LENNAR A CORP CLASS A,Consumer Discretionary,SP500
LH,LABCORP HOLDINGS INC,Health Care,SP500
LHX,L3HARRIS TECHNOLOGIES INC,Industrials,SP500
LII,LENNOX INTERNATIONAL INC,Industrials,SP500
LIN,LINDE PLC,Materials,SP500+NDX
LITE,LUMENTUM HOLDINGS INC,Information Technology,SP500
LLY,ELI LILLY,Health Care,SP500
LMT,LOCKHEED MARTIN CORP,Industrials,SP500
LNT,ALLIANT ENERGY CORP,Utilities,SP500
LOW,LOWES COMPANIES INC,Consumer Discretionary,SP500
LRCX,LAM RESEARCH CORP,Information Technology,SP500+NDX
LULU,LULULEMON ATHLETICA INC,Consumer Discretionary,SP500
LUV,SOUTHWEST AIRLINES,Industrials,SP500
LVS,LAS VEGAS SANDS CORP,Consumer Discretionary,SP500
LYB,LYONDELLBASELL INDUSTRIES NV CLASS,Materials,SP500
LYV,LIVE NATION ENTERTAINMENT INC,Communication,SP500
MA,MASTERCARD INC CLASS A,Financials,SP500
MAA,MID AMERICA APARTMENT COMMUNITIES,Real Estate,SP500
MAR,MARRIOTT INTERNATIONAL INC CLASS A,Consumer Discretionary,SP500+NDX
MAS,MASCO CORP,Industrials,SP500
MCD,MCDONALDS CORP,Consumer Discretionary,SP500
MCHP,MICROCHIP TECHNOLOGY INC,Information Technology,SP500+NDX
MCK,MCKESSON CORP,Health Care,SP500
MCO,MOODYS CORP,Financials,SP500
MDLZ,MONDELEZ INTERNATIONAL INC CLASS A,Consumer Staples,SP500+NDX
MDT,MEDTRONIC PLC,Health Care,SP500
MELI,,,NDX
MET,METLIFE INC,Financials,SP500
META,META PLATFORMS INC CLASS A,Communication,SP500+NDX
MGM,MGM RESORTS INTERNATIONAL,Consumer Discretionary,SP500
MKC,MCCORMICK & CO NON-VOTING INC,Consumer Staples,SP500
MLM,MARTIN MARIETTA MATERIALS INC,Materials,SP500
MMM,3M,Industrials,SP500
MNST,MONSTER BEVERAGE CORP,Consumer Staples,SP500+NDX
MO,ALTRIA GROUP INC,Consumer Staples,SP500
MOS,MOSAIC,Materials,SP500
MPC,MARATHON PETROLEUM CORP,Energy,SP500
MPWR,MONOLITHIC POWER SYSTEMS INC,Information Technology,SP500+NDX
MRK,MERCK & CO INC,Health Care,SP500
MRNA,MODERNA INC,Health Care,SP500
MRSH,MARSH INC,Financials,SP500
MRVL,,,NDX
MS,MORGAN STANLEY,Financials,SP500
MSCI,MSCI INC,Financials,SP500
MSFT,MICROSOFT CORP,Information Technology,SP500+NDX
MSI,MOTOROLA SOLUTIONS INC,Information Technology,SP500
MSTR,,,NDX
MTB,M&T BANK CORP,Financials,SP500
MTD,METTLER TOLEDO INC,Health Care,SP500
MU,MICRON TECHNOLOGY INC,Information Technology,SP500+NDX
NCLH,NORWEGIAN CRUISE LINE HOLDINGS LTD,Consumer Discretionary,SP500
NDAQ,NASDAQ INC,Financials,SP500
NDSN,NORDSON CORP,Industrials,SP500
NEE,NEXTERA ENERGY INC,Utilities,SP500
NEM,NEWMONT,Materials,SP500
NFLX,NETFLIX INC,Communication,SP500+NDX
NI,NISOURCE INC,Utilities,SP500
NKE,NIKE INC CLASS B,Consumer Discretionary,SP500
NOC,NORTHROP GRUMMAN CORP,Industrials,SP500
NOW,SERVICENOW INC,Information Technology,SP500
NRG,NRG ENERGY INC,Utilities,SP500
NSC,NORFOLK SOUTHERN CORP,Industrials,SP500
NTAP,NETAPP INC,Information Technology,SP500
NTRS,NORTHERN TRUST CORP,Financials,SP500
NUE,NUCOR CORP,Materials,SP500
NVDA,NVIDIA CORP,Information Technology,SP500+NDX
NVR,NVR INC,Consumer Discretionary,SP500
NWS,NEWS CORP CLASS B,Communication,SP500
NWSA,NEWS CORP CLASS A,Communication,SP500
NXPI,NXP SEMICONDUCTORS NV,Information Technology,SP500+NDX
O,REALTY INCOME REIT CORP,Real Estate,SP500
ODFL,OLD DOMINION FREIGHT LINE INC,Industrials,SP500+NDX
OKE,ONEOK INC,Energy,SP500
OMC,OMNICOM GROUP INC,Communication,SP500
ON,ON SEMICONDUCTOR CORP,Information Technology,SP500
ORCL,ORACLE CORP,Information Technology,SP500
ORLY,OREILLY AUTOMOTIVE INC,Consumer Discretionary,SP500+NDX
OTIS,OTIS WORLDWIDE CORP,Industrials,SP500
OXY,OCCIDENTAL PETROLEUM CORP,Energy,SP500
PANW,PALO ALTO NETWORKS INC,Information Technology,SP500+NDX
PAYX,PAYCHEX INC,Industrials,SP500+NDX
PCAR,PACCAR INC,Industrials,SP500+NDX
PCG,PG&E CORP,Utilities,SP500
PDD,,,NDX
PEG,PUBLIC SERVICE ENTERPRISE GROUP IN,Utilities,SP500
PEP,PEPSICO INC,Consumer Staples,SP500+NDX
PFE,PFIZER INC,Health Care,SP500
PFG,PRINCIPAL FINANCIAL GROUP INC,Financials,SP500
PG,PROCTER & GAMBLE,Consumer Staples,SP500
PGR,PROGRESSIVE CORP,Financials,SP500
PH,PARKER-HANNIFIN CORP,Industrials,SP500
PHM,PULTEGROUP INC,Consumer Discretionary,SP500
PKG,PACKAGING CORP OF AMERICA,Materials,SP500
PLD,PROLOGIS REIT INC,Real Estate,SP500
PLTR,PALANTIR TECHNOLOGIES INC CLASS A,Information Technology,SP500+NDX
PM,PHILIP MORRIS INTERNATIONAL INC,Consumer Staples,SP500
PNC,PNC FINANCIAL SERVICES GROUP INC,Financials,SP500
PNR,PENTAIR,Industrials,SP500
PNW,PINNACLE WEST CORP,Utilities,SP500
PODD,INSULET CORP,Health Care,SP500
POOL,POOL CORP,Consumer Discretionary,SP500
PPG,PPG INDUSTRIES INC,Materials,SP500
PPL,PPL CORP,Utilities,SP500
PRU,PRUDENTIAL FINANCIAL INC,Financials,SP500
PSA,PUBLIC STORAGE REIT,Real Estate,SP500
PSKY,PARAMOUNT SKYDANCE CORP CLASS B,Communication,SP500
PSX,PHILLIPS,Energy,SP500
PTC,PTC INC,Information Technology,SP500
PWR,QUANTA SERVICES INC,Industrials,SP500
PYPL,PAYPAL HOLDINGS INC,Financials,SP500+NDX
Q,QNITY ELECTRONICS INC,Information Technology,SP500
QCOM,QUALCOMM INC,Information Technology,SP500+NDX
RCL,ROYAL CARIBBEAN GROUP LTD,Consumer Discretionary,SP500
REG,REGENCY CENTERS REIT CORP,Real Estate,SP500
REGN,REGENERON PHARMACEUTICALS INC,Health Care,SP500+NDX
RF,REGIONS FINANCIAL CORP,Financials,SP500
RJF,RAYMOND JAMES INC,Financials,SP500
RL,RALPH LAUREN CORP CLASS A,Consumer Discretionary,SP500
RMD,RESMED INC,Health Care,SP500
ROK,ROCKWELL AUTOMATION INC,Industrials,SP500
ROL,ROLLINS INC,Industrials,SP500
ROP,ROPER TECHNOLOGIES INC,Information Technology,SP500+NDX
ROST,ROSS STORES INC,Consumer Discretionary,SP500+NDX
RSG,REPUBLIC SERVICES INC,Industrials,SP500
RTX,RTX CORP,Industrials,SP500
RVTY,REVVITY INC,Health Care,SP500
SATS,ECHOSTAR CORP CLASS A,Communication,SP500
SBAC,SBA COMMUNICATIONS REIT CORP CLASS,Real Estate,SP500
SBUX,STARBUCKS CORP,Consumer Discretionary,SP500+NDX
SCHW,CHARLES SCHWAB CORP,Financials,SP500
SHOP,,,NDX
SHW,SHERWIN WILLIAMS,Materials,SP500
SJM,JM SMUCKER,Consumer Staples,SP500
SLB,SLB NV,Energy,SP500
SMCI,SUPER MICRO COMPUTER INC,Information Technology,SP500
SNA,SNAP ON INC,Industrials,SP500
SNDK,SANDISK CORP,Information Technology,SP500
SNPS,SYNOPSYS INC,Information Technology,SP500+NDX
SO,SOUTHERN,Utilities,SP500
SOLV,SOLVENTUM CORP,Health Care,SP500
SPG,SIMON PROPERTY GROUP REIT INC,Real Estate,SP500
SPGI,S&P GLOBAL INC,Financials,SP500
SRE,SEMPRA,Utilities,SP500
STE,STERIS,Health Care,SP500
STLD,STEEL DYNAMICS INC,Materials,SP500
STT,STATE STREET CORP,Financials,SP500
STX,SEAGATE TECHNOLOGY HOLDINGS PLC,Information Technology,SP500+NDX
STZ,CONSTELLATION BRANDS INC CLASS A,Consumer Staples,SP500
SW,SMURFIT WESTROCK PLC,Materials,SP500
SWK,STANLEY BLACK & DECKER INC,Industrials,SP500
SWKS,SKYWORKS SOLUTIONS INC,Information Technology,SP500
SYF,SYNCHRONY FINANCIAL,Financials,SP500
SYK,STRYKER CORP,Health Care,SP500
SYY,SYSCO CORP,Consumer Staples,SP500
T,AT&T INC,Communication,SP500
TAP,MOLSON COORS BREWING CLASS B,Consumer Staples,SP500
TDG,TRANSDIGM GROUP INC,Industrials,SP500
TDY,TELEDYNE TECHNOLOGIES INC,Information Technology,SP500
TEAM,,,NDX
TECH,BIO TECHNE CORP,Health Care,SP500
TEL,TE CONNECTIVITY PLC,Information Technology,SP500
TER,TERADYNE INC,Information Technology,SP500
TFC,TRUIST FINANCIAL CORP,Financials,SP500
TGT,TARGET CORP,Consumer Staples,SP500
TJX,TJX INC,Consumer Discretionary,SP500
TKO,TKO GROUP HOLDINGS INC CLASS A,Communication,SP500
TMO,THERMO FISHER SCIENTIFIC INC,Health Care,SP500
TMUS,T MOBILE US INC,Communication,SP500+NDX
TPL,TEXAS PACIFIC LAND CORP,Energy,SP500
TPR,TAPESTRY INC,Consumer Discretionary,SP500
TRGP,TARGA RESOURCES CORP,Energy,SP500
TRI,,,NDX
TRMB,TRIMBLE INC,Information Technology,SP500
TROW,T ROWE PRICE GROUP INC,Financials,SP500
TRV,TRAVELERS COMPANIES INC,Financials,SP500
TSCO,TRACTOR SUPPLY,Consumer Discretionary,SP500
TSLA,TESLA INC,Consumer Discretionary,SP500+NDX
TSN,TYSON FOODS INC CLASS A,Consumer Staples,SP500
TT,TRANE TECHNOLOGIES PLC,Industrials,SP500
TTD,TRADE DESK INC CLASS A,Communication,SP500
TTWO,TAKE TWO INTERACTIVE SOFTWARE INC,Communication,SP500+NDX
TXN,TEXAS INSTRUMENT INC,Information Technology,SP500+NDX
TXT,TEXTRON INC,Industrials,SP500
TYL,TYLER TECHNOLOGIES INC,Information Technology,SP500
UAL,UNITED AIRLINES HOLDINGS INC,Industrials,SP500
UBER,UBER TECHNOLOGIES INC,Industrials,SP500
UDR,UDR REIT INC,Real Estate,SP500
UHS,UNIVERSAL HEALTH SERVICES INC CLAS,Health Care,SP500
ULTA,ULTA BEAUTY INC,Consumer Discretionary,SP500
UNH,UNITEDHEALTH GROUP INC,Health Care,SP500
UNP,UNION PACIFIC CORP,Industrials,SP500
UPS,UNITED PARCEL SERVICE INC CLASS B,Industrials,SP500
URI,UNITED RENTALS INC,Industrials,SP500
USB,US BANCORP,Financials,SP500
V,VISA INC CLASS A,Financials,SP500
VGNT,VERSIGENT PLC,Consumer Discretionary,SP500
VICI,VICI PPTYS INC,Real Estate,SP500
VLO,VALERO ENERGY CORP,Energy,SP500
VLTO,VERALTO CORP,Industrials,SP500
VMC,VULCAN MATERIALS,Materials,SP500
VRSK,VERISK ANALYTICS INC,Industrials,SP500+NDX
VRSN,VERISIGN INC,Information Technology,SP500
VRT,VERTIV HOLDINGS CLASS A,Industrials,SP500
VRTX,VERTEX PHARMACEUTICALS INC,Health Care,SP500+NDX
VST,VISTRA CORP,Utilities,SP500
VTR,VENTAS REIT INC,Real Estate,SP500
VTRS,VIATRIS INC,Health Care,SP500
VZ,VERIZON COMMUNICATIONS INC,Communication,SP500
WAB,WESTINGHOUSE AIR BRAKE TECHNOLOGIE,Industrials,SP500
WAT,WATERS CORP,Health Care,SP500
WBD,WARNER BROS. DISCOVERY INC SERIES,Communication,SP500+NDX
WDAY,WORKDAY INC CLASS A,Information Technology,SP500+NDX
WDC,WESTERN DIGITAL CORP,Information Technology,SP500+NDX
WEC,WEC ENERGY GROUP INC,Utilities,SP500
WELL,WELLTOWER INC,Real Estate,SP500
WFC,WELLS FARGO,Financials,SP500
WM,WASTE MANAGEMENT INC,Industrials,SP500
WMB,WILLIAMS INC,Energy,SP500
WMT,WALMART INC,Consumer Staples,SP500+NDX
WRB,WR BERKLEY CORP,Financials,SP500
WSM,WILLIAMS SONOMA INC,Consumer Discretionary,SP500
WST,WEST PHARMACEUTICAL SERVICES INC,Health Care,SP500
WTW,WILLIS TOWERS WATSON PLC,Financials,SP500
WY,WEYERHAEUSER REIT,Real Estate,SP500
WYNN,WYNN RESORTS LTD,Consumer Discretionary,SP500
XEL,XCEL ENERGY INC,Utilities,SP500+NDX
XOM,EXXON MOBIL CORP,Energy,SP500
XYL,XYLEM INC,Industrials,SP500
XYZ,BLOCK INC CLASS A,Financials,SP500
YUM,YUM BRANDS INC,Consumer Discretionary,SP500
ZBH,ZIMMER BIOMET HOLDINGS INC,Health Care,SP500
ZBRA,ZEBRA TECHNOLOGIES CORP CLASS A,Information Technology,SP500
ZS,,,NDX
ZTS,ZOETIS INC CLASS A,Health Care,SP500
